{"cameraMode":{"drawMode":0,"name":"Shaded","section":"Shading Mode"},"sceneLighting":false,"audioPlay":false,"sceneViewState":{"m_AlwaysRefresh":false,"showFog":true,"showSkybox":false,"showFlares":true,"showImageEffects":true,"showParticleSystems":true,"showVisualEffectGraphs":true,"m_FxEnabled":true},"in2DMode":false,"pivot":{"x":0.19062840938568116,"y":0.8239574432373047,"z":-0.3547021746635437},"rotation":{"x":-0.6894954442977905,"y":0.005863829981535673,"z":-0.005582654848694801,"w":-0.7242655158042908},"size":2.7247447967529299,"orthographic":false}